{"train_losses": [7.172092035633596, 6.471781645861773, 6.169726054872908, 6.019525417255938, 5.919714429638661, 5.844465234968017, 5.78578843736413, 5.73903394591182, 5.7012247548919115, 5.6697323055721265, 5.643074810531678, 5.6198115462297595, 5.599544035462344, 5.582444814485876, 5.567044536897191, 5.5527418059086555, 5.540271788581262, 5.528610450674399, 5.519019565616534, 5.509237798597441, 5.4999538392939264, 5.492917333208075, 5.4850892305481205, 5.478489392318691, 5.471602049760343, 5.465702287273981, 5.459623463763, 5.45444521370842, 5.449239800636898, 5.444786338566342], "val_losses": [6.7290989577168165, 6.231980429755317, 6.0265514633872295, 5.904354447066182, 5.815227792720602, 5.745954613733773, 5.690981509468772, 5.647459386575101, 5.61317841500947, 5.582097483162928, 5.559067247371481, 5.536066850026448, 5.515389456893459, 5.498726665612423, 5.482100211249458, 5.468725950067694, 5.457993742432257, 5.445134317032014, 5.434250131279531, 5.42729204254921, 5.419956403790098, 5.412239523608275, 5.405488463122436, 5.396807927796335, 5.39062067763974, 5.383034403637202, 5.378102997095898, 5.373434540719697, 5.3720191724372635, 5.364697957279707]}