{"train_losses": [6.960487450512739, 6.126005883167611, 5.920611348770957, 5.822008654736166, 5.756095013706257, 5.7084362058292655, 5.672490820094615, 5.645803147706956, 5.623820888551832, 5.606718860723857, 5.592777868852414, 5.580812176086467, 5.570818922901881, 5.562572092125648, 5.555088430763522, 5.54824343250105, 5.541976266877235, 5.5367979789240565, 5.533330520386647, 5.528719329705514, 5.525587737105275, 5.521232542886721, 5.516974022209671, 5.515554939624597, 5.511800547592513, 5.509661040715054, 5.5063592275269215, 5.50570506689845, 5.503758774137732, 5.500384510393147], "val_losses": [6.3081455837596545, 5.951770586919303, 5.819167243109809, 5.735888964720447, 5.676111537278301, 5.633820718707461, 5.599736429464937, 5.573999710275669, 5.556324113980688, 5.544694224270907, 5.5253931690948175, 5.519254551511822, 5.508257470949732, 5.49563058410028, 5.4885457279706245, 5.48138039039843, 5.474669012397227, 5.474873303885412, 5.466376198662652, 5.460349123405687, 5.463724453280671, 5.4557512649382005, 5.448767371129508, 5.450667943858137, 5.4438604470455285, 5.442869294291795, 5.441054302755028, 5.444356253652861, 5.439448306536434, 5.43643816552981]}