{"train_losses": [6.5866713904991885, 5.769412545596852, 5.576823036500462, 5.488567491898796, 5.4339086205422955, 5.395769803792733, 5.367387298409265, 5.345158163720736, 5.32784181696768, 5.31259275906601, 5.300489188846473, 5.29006097623999, 5.281011376297415, 5.273036279751144, 5.266636241429795, 5.260472121878917, 5.25455773909851, 5.2494574430334655, 5.24490850197664, 5.240727239839154, 5.237036649346833, 5.233261024893053, 5.23035122280866, 5.226560614491237, 5.224366266415908, 5.2218389329109485, 5.218772824162799, 5.216618688640757, 5.212840038294422, 5.211718598662549], "val_losses": [5.911898289304791, 5.590474585330847, 5.469905659646699, 5.402463460209394, 5.363947089031489, 5.332169910392376, 5.3093798762620095, 5.290742284601385, 5.278576690018779, 5.263974851550478, 5.253699333499176, 5.246905637028242, 5.241057400751596, 5.233227514016508, 5.231537204318577, 5.219033510998042, 5.217652740863839, 5.212349586294155, 5.208666038513184, 5.2057099708403, 5.201222849373866, 5.198545016664447, 5.193223951320456, 5.191713410194474, 5.192390357123481, 5.185202870224462, 5.183477873754019, 5.181199401316016, 5.182455023370608, 5.177627796596951]}